{
  "England": 1847.6476954479162,
  "France": 1894.6886419119053,
  "Croatia": 1764.8523045520838,
  "Norway": 1915.727094782194,
  "Portugal": 1802.5627982905285,
  "Germany": 1815.172774149836,
  "Netherlands": 1793.3917334136845,
  "Switzerland": 1816.8637413104248,
  "Scotland": 1728.0987865142738,
  "Spain": 1811.1145213868963,
  "Austria": 1778.7414376871445,
  "Belgium": 1780.8796731468701,
  "Bosnia and Herzegovina": 1640.6811532362312,
  "Sweden": 1713.0855809179218,
  "Turkey": 1699.2057890977649,
  "Czech Republic": 1672.9973883118782,
  "Brazil": 1903.3883678464622,
  "Argentina": 1887.9739521218469,
  "Colombia": 1819.1119119664256,
  "Ecuador": 1778.5203014138933,
  "Paraguay": 1741.3669791374382,
  "Uruguay": 1764.0019174416454,
  "USA": 1720.9330208625618,
  "Mexico": 1700.1081328030232,
  "Canada": 1654.1188467637687,
  "Panama": 1660.301065589557,
  "Cura\u00e7ao": 1544.127225850164,
  "Haiti": 1523.9012134857262,
  "Japan": 1684.2082665863156,
  "South Korea": 1685.2026116881218,
  "Australia": 1633.394210902235,
  "Iran": 1598.0694184735826,
  "Saudi Arabia": 1586.4980825583546,
  "Qatar": 1440.1362586895752,
  "Jordan": 1591.2585623128555,
  "Uzbekistan": 1640.8880880335744,
  "Algeria": 1610.0260478781531,
  "Cape Verde": 1559.4854786131036,
  "Egypt": 1693.32032685313,
  "Ghana": 1617.898934410443,
  "Ivory Coast": 1697.4796985861067,
  "Morocco": 1690.8116321535379,
  "Senegal": 1668.0113580880948,
  "South Africa": 1559.291867196977,
  "Tunisia": 1622.9144190820782,
  "New Zealand": 1585.6305815264175,
  "DR Congo": 1569.9372017094715,
  "Iraq": 1556.272905217806
}